﻿Designator,Footprint,Quantity,Value,LCSC Part #
"C1, C2",0402,2,1µ,C19666
"C10, C11, C12, C13, C14, C6, C7, C9",0402,8,100n,C1525
"C3, C4",0402,2,1µ,C52923
"C5, C8",0402,2,15p,C1548
"D1, D10, D11, D12, D13, D14, D15, D16, D17, D2, D20, D21, D3, D4, D5, D6, D7, D8, D9",D_SOD-123,19,1N4148W,
F1,0603,1,Polyfuse,C69679
J3,128x64OLED,1,Conn_01x04_Pin,
J4,Hirose_FH12-6S-0.5SH_1x06-1MP_P0.50mm_Horizontal,1,Conn_01x06_Socket,
"LED10, LED11, LED12, LED13, LED14, LED15, LED16, LED17, LED18, LED19, LED20, LED21, LED4, LED5, LED6, LED7, LED8, LED9",YS-SK6812MINI-E,18,YS-SK6812MINI-E,
"R1, R12, R13, R4",0402,4,0k,C25744
"R10, R11, R2",0402,3,10k,C25744
"R3, R8",0402,2,1k,C11702
"R6, R7",0402,2,27,C25100
R9,0402,1,5.1k,C25905
"SW0, SW1, SW10, SW11, SW12, SW13, SW16, SW2, SW20, SW3, SW4, SW5, SW6, SW8, SW9",MX-Hotswap-1U,15,KEYSW,
"SW14, SW7",MX-Hotswap-2U-Vertical-ReversedStabilizers,2,KEYSW,
SW15,MX-Hotswap-2U-ReversedStabilizers,1,KEYSW,
"SW17, SW18",SW_SPST_CK_KXT3,2,SW_Push,C319433
SW19,RotaryEncoder_Alps_EC11E-Switch_Vertical_H20mm-keebio_modified,1,Rotary_Encoder_Switch,
U1,SOT-23-5,1,XC6210B332MR-G,C82942
U2,QFN-56-1EP_7x7mm_P0.4mm_EP3.2x3.2mm,1,U2,C2040
U3,USON-8-1EP_3x2mm_P0.5mm_EP0.25x1.65mm,1,U3,C395484
Y1,Crystal_SMD_2520-4Pin_2.5x2.0mm,1,Crystal_GND24,C2149204
